id,name,department,salary,joining_date
1,Alice,Engineering,75000,2020-01-15
2,Bob,Marketing,52000,2019-03-22
3,Charlie,Engineering,68000,2021-06-10
4,Diana,HR,60000,2020-09-01
5,Edward,Engineering,72000,2018-11-12
6,Fiona,Marketing,54000,2022-02-05
7,George,HR,58000,2019-07-30
8,Hannah,Engineering,76000,2023-01-20
8,Hannah,Engineering,76000,2023-01-20
8,Hannah,Engineering,76000,2023-01-20
8,Hannah,Engineering,76000,2023-01-20
8,Hannah,Engineering,76000,2023-01-20
8,Hannah,Engineering,76000,2023-01-20
8,Hannah,Engineering,76000,2023-01-20
8,Hannah,Engineering,76000,2023-01-20
8,Hannah,Engineering,76000,2023-01-20
8,Hannah,Engineering,76000,2023-01-20
8,Hannah,Engineering,76000,2023-01-20
8,Hannah,Engineering,76000,2023-01-20
8,Hannah,Engineering,76000,2023-01-20
8,Hannah,Engineering,76000,2023-01-20
8,Hannah,Engineering,76000,2023-01-20
8,Hannah,Engineering,76000,2023-01-20
8,Hannah,Engineering,76000,2023-01-20
8,Hannah,Engineering,76000,2023-01-20
8,Hannah,Engineering,76000,2023-01-20
8,Hannah,Engineering,76000,2023-01-20
8,Hannah,Engineering,76000,2023-01-20
8,Hannah,Engineering,76000,2023-01-20
8,Hannah,Engineering,76000,2023-01-20
8,Hannah,Engineering,76000,2023-01-20
8,Hannah,Engineering,76000,2023-01-20
8,Hannah,Engineering,76000,2023-01-20
8,Hannah,Engineering,76000,2023-01-20
